,Age,Driving_License,Region_Code,Previously_Insured,Annual_Premium,Policy_Sales_Channel,Vintage,Response
Age,1.0,-0.07851888547114169,0.03704101003237082,-0.27624814431245526,0.056326585303177704,-0.5914433427241034,-0.013292931395110728,0.12213373579451998
Driving_License,-0.07851888547114169,1.0,-0.0013294625833076214,0.013733296925633947,-0.007299754183539199,0.04294129916217886,-0.0006966425480838686,0.00919699373355707
Region_Code,0.03704101003237082,-0.0013294625833076214,1.0,-0.022367042708225558,-0.00174060215562412,-0.03760626502341828,-0.005536668103654325,0.012816323969331335
Previously_Insured,-0.27624814431245526,0.013733296925633947,-0.022367042708225558,1.0,0.007664971489785355,0.23683750739422804,0.01943147946597342,-0.3459298342665038
Annual_Premium,0.056326585303177704,-0.007299754183539199,-0.00174060215562412,0.007664971489785355,1.0,-0.12855891730898197,0.003283850747530136,0.03226066947772785
Policy_Sales_Channel,-0.5914433427241034,0.04294129916217886,-0.03760626502341828,0.23683750739422804,-0.12855891730898197,1.0,0.00899941630409836,-0.1527328338944229
Vintage,-0.013292931395110728,-0.0006966425480838686,-0.005536668103654325,0.01943147946597342,0.003283850747530136,0.00899941630409836,1.0,-0.015176720374441092
Response,0.12213373579451998,0.00919699373355707,0.012816323969331335,-0.3459298342665038,0.03226066947772785,-0.1527328338944229,-0.015176720374441092,1.0
