,Age,Driving_License,Region_Code,Previously_Insured,Annual_Premium,Policy_Sales_Channel,Vintage,Response
count,11504798.0,11504798.0,11504798.0,11504798.0,11504798.0,11504798.0,11504798.0,11504798.0
mean,38.38356336199905,0.9980219557092614,26.41868976752134,0.46299656890977137,30461.370410588694,112.42544188954903,163.89774388042275,0.12299729208631043
std,14.993458508587118,0.044431203038093135,12.991590202826913,0.4986288877379072,16454.74520524573,54.035707775430815,79.97953110372767,0.3284341145214116
min,20.0,0.0,0.0,0.0,2630.0,1.0,10.0,0.0
25%,24.0,1.0,15.0,0.0,25277.0,29.0,99.0,0.0
50%,36.0,1.0,28.0,0.0,31824.0,151.0,166.0,0.0
75%,49.0,1.0,35.0,1.0,39451.0,152.0,232.0,0.0
max,85.0,1.0,52.0,1.0,540165.0,163.0,299.0,1.0
