train_auc,val_auc
0.8796685768017808,0.8795063864495266
