,Age,Driving_License,Region_Code,Previously_Insured,Annual_Premium,Policy_Sales_Channel,Vintage,Response
count,39565.0,39565.0,39565.0,39565.0,39565.0,39565.0,39565.0,39565.0
mean,55.83712877543283,0.4248199165929483,25.613244028813344,0.3796031846328826,65200.14217111083,73.87354985466953,163.63149248072793,0.09407304435738657
std,17.168818722076864,0.49432189014476485,11.022563805817573,0.4852943017869836,63478.50194639961,55.21743775711439,79.94166675090341,0.2919340006656089
min,20.0,0.0,0.0,0.0,2630.0,1.0,10.0,0.0
25%,45.0,0.0,24.0,0.0,32704.0,26.0,98.0,0.0
50%,60.0,0.0,28.0,0.0,51809.0,26.0,164.0,0.0
75%,69.0,1.0,28.0,1.0,83826.0,124.0,234.0,0.0
max,85.0,1.0,52.0,1.0,540165.0,163.0,299.0,1.0
