train_auc,val_auc
0.8779369845846525,0.877908227878115
