Response,Age,Driving_License,Region_Code,Previously_Insured,Annual_Premium,Policy_Sales_Channel,Vintage
0,37.69778346099934,0.9978689240623568,26.356334509743014,0.527593627545767,30262.572494987235,115.51616815856188,164.3523173394277
1,43.273352559857926,0.9991131111847633,26.863298986120014,0.0024027266707607243,31878.85129453966,90.38775909697051,160.65651679541278
